Illumina, Inc.
[Heading]
Descriptor File Name,HumanExome-12v1-1_A.bpm
Assay Format,Infinium HD Ultra
Date Manufactured,4/23/2012
Loci Count ,4
[Assay]
IlmnID,Name,IlmnStrand,SNP,AddressA_ID,AlleleA_ProbeSeq,AddressB_ID,AlleleB_ProbeSeq,GenomeBuild,Chr,MapInfo,Ploidy,Species,Source,SourceVersion,SourceStrand,SourceSeq,TopGenomicSeq,BeadSetID,Exp_Clusters,RefStrand
exm-rs1000026-131_T_F_1990486741,exm-rs1000026,TOP,[A/G],81790917,TAAGTCAAAGGAAAACAAGTCAATAAATCCACTATCTATGGCTCCAAGGA,,,37.1,21,38934599,diploid,Homo sapiens,dbSNP,131,TOP,GAAAGAGCCATAAGTCAAAGGAAAACAAGTCAATAAATCCACTATCTATGGCTCCAAGGA[A/G]TAGAGGAAGCACCCAAAGTGATATTATTGTGAAACATTATTATTAATATGGGAAAGCCGC,GAAAGAGCCATAAGTCAAAGGAAAACAAGTCAATAAATCCACTATCTATGGCTCCAAGGA[A/G]TAGAGGAAGCACCCAAAGTGATATTATTGTGAAACATTATTATTAATATGGGAAAGCCGC,662,3,-
exm-rs10218696-131_B_R_1990477759,exm-rs10218696,BOT,[T/C],28625940,TACAAGAGCTCCTGAAAGAAGCACTGAATATGGAAAGGAGAAACTTGTAA,,,37.1,1,172823534,diploid,Homo sapiens,dbSNP,131,TOP,ACAGAGAAAATTTGACTTTGTTGTTTGGTCTTTATATTTTGGTGTGTTTTTGCAGTGGCC[A/G]TTACAAGTTTCTCCTTTCCATATTCAGTGCTTCTTTCAGGAGCTCTTGTAAGGCAGGCCT,ACAGAGAAAATTTGACTTTGTTGTTTGGTCTTTATATTTTGGTGTGTTTTTGCAGTGGCC[A/G]TTACAAGTTTCTCCTTTCCATATTCAGTGCTTCTTTCAGGAGCTCTTGTAAGGCAGGCCT,703,3,-
exm-rs10005603-131_T_R_1990486752,exm-rs10005603,TOP,[A/C],4716362,ATAGTGAACAGAACATAGCACTGGAGTCTGAGACCTGTGTTCAAATCCTG,,,37.1,4,105844273,diploid,Homo sapiens,dbSNP,131,BOT,TTTAAATAATTTGAAAACTTTGAAAGTTTAAATAATTTAATAAAATAGCCATAAAAATAA[T/G]CAGGATTTGAACACAGGTCTCAGACTCCAGTGCTATGTTCTGTTCACTATGTACACTATG,CATAGTGTACATAGTGAACAGAACATAGCACTGGAGTCTGAGACCTGTGTTCAAATCCTG[A/C]TTATTTTTATGGCTATTTTATTAAATTATTTAAACTTTCAAAGTTTTCAAATTATTTAAA,662,3,-
exm-rs1000797-131_T_R_1990486754,exm-rs1000797,TOP,[A/G],4653349,CTCACCAGAAGCAATTTCTTAAATACCCACTCAGAGGTGACACTGCTTCC,,,37.1,10,129652787,diploid,Homo sapiens,dbSNP,131,BOT,gcaccacctggccctttacagcaaggctggccagcccGACCTTCCACGAGCGTTTCTCAG[T/C]GGAAGCAGTGTCACCTCTGAGTGGGTATTTAAGAAATTGCTTCTGGTGAGTGTAGGTCAA,TTGACCTACACTCACCAGAAGCAATTTCTTAAATACCCACTCAGAGGTGACACTGCTTCC[A/G]CTGAGAAACGCTCGTGGAAGGTCgggctggccagccttgctgtaaagggccaggtggtgc,662,3,+
