Illumina, Inc.
[Heading],
Descriptor File Name,HumanExome-12v1-1_A.bpm
Assay Format,Infinium HD Ultra
Date Manufactured,4/23/2012
CreateExtendedIlluminaManifest.version,1.3
Target Build,37
Target Reference File,/seq/references/Homo_sapiens_assembly19/v1/Homo_sapiens_assembly19.fasta
Cluster File,/gap/illumina/beadstudio/Autocall/ChipInfo/HumanExome-12v1-1_A/HumanExomev1_1_CEPH_A.egt
dbSNP File,/seq/references/Homo_sapiens_assembly19/v1/variant_calling/vqsr_resources/WGS/v2/dbsnp_138.b37.vcf.gz
Supported Build,36
Supported Reference File,/seq/references/Homo_sapiens_assembly19/v1/arrays/human_b36_both.fasta
Supported Chain File,/seq/references/Homo_sapiens_assembly19/v1/arrays/b36ToHg19.broad.over.chain
Loci Count ,4
[Assay],
IlmnID,Name,IlmnStrand,SNP,AddressA_ID,AlleleA_ProbeSeq,AddressB_ID,AlleleB_ProbeSeq,GenomeBuild,Chr,MapInfo,Ploidy,Species,Source,SourceVersion,SourceStrand,SourceSeq,TopGenomicSeq,BeadSetID,Exp_Clusters,RefStrand,build37Chr,build37Pos,build37RefAllele,build37AlleleA,build37AlleleB,build37Rsid,build37Flag
exm-rs1000026-131_T_F_1990486741,exm-rs1000026,TOP,[A/G],81790917,TAAGTCAAAGGAAAACAAGTCAATAAATCCACTATCTATGGCTCCAAGGA,,,37.1,21,38934599,diploid,Homo sapiens,dbSNP,131,TOP,GAAAGAGCCATAAGTCAAAGGAAAACAAGTCAATAAATCCACTATCTATGGCTCCAAGGA[A/G]TAGAGGAAGCACCCAAAGTGATATTATTGTGAAACATTATTATTAATATGGGAAAGCCGC,GAAAGAGCCATAAGTCAAAGGAAAACAAGTCAATAAATCCACTATCTATGGCTCCAAGGA[A/G]TAGAGGAAGCACCCAAAGTGATATTATTGTGAAACATTATTATTAATATGGGAAAGCCGC,662,3,-,21,38934599,C,T,C,rs1000026,PASS
exm-rs10218696-131_B_R_1990477759,exm-rs10218696,BOT,[T/C],28625940,TACAAGAGCTCCTGAAAGAAGCACTGAATATGGAAAGGAGAAACTTGTAA,,,37.1,1,172823534,diploid,Homo sapiens,dbSNP,131,TOP,ACAGAGAAAATTTGACTTTGTTGTTTGGTCTTTATATTTTGGTGTGTTTTTGCAGTGGCC[A/G]TTACAAGTTTCTCCTTTCCATATTCAGTGCTTCTTTCAGGAGCTCTTGTAAGGCAGGCCT,ACAGAGAAAATTTGACTTTGTTGTTTGGTCTTTATATTTTGGTGTGTTTTTGCAGTGGCC[A/G]TTACAAGTTTCTCCTTTCCATATTCAGTGCTTCTTTCAGGAGCTCTTGTAAGGCAGGCCT,703,3,-,1,172823534,A,A,G,rs10218696,PASS
exm-rs10005603-131_T_R_1990486752,exm-rs10005603,TOP,[A/C],4716362,ATAGTGAACAGAACATAGCACTGGAGTCTGAGACCTGTGTTCAAATCCTG,,,37.1,4,105844273,diploid,Homo sapiens,dbSNP,131,BOT,TTTAAATAATTTGAAAACTTTGAAAGTTTAAATAATTTAATAAAATAGCCATAAAAATAA[T/G]CAGGATTTGAACACAGGTCTCAGACTCCAGTGCTATGTTCTGTTCACTATGTACACTATG,CATAGTGTACATAGTGAACAGAACATAGCACTGGAGTCTGAGACCTGTGTTCAAATCCTG[A/C]TTATTTTTATGGCTATTTTATTAAATTATTTAAACTTTCAAAGTTTTCAAATTATTTAAA,662,3,-,4,105844273,T,T,G,rs10005603,PASS
exm-rs1000797-131_T_R_1990486754,exm-rs1000797,TOP,[A/G],4653349,CTCACCAGAAGCAATTTCTTAAATACCCACTCAGAGGTGACACTGCTTCC,,,37.1,10,129652787,diploid,Homo sapiens,dbSNP,131,BOT,gcaccacctggccctttacagcaaggctggccagcccGACCTTCCACGAGCGTTTCTCAG[T/C]GGAAGCAGTGTCACCTCTGAGTGGGTATTTAAGAAATTGCTTCTGGTGAGTGTAGGTCAA,TTGACCTACACTCACCAGAAGCAATTTCTTAAATACCCACTCAGAGGTGACACTGCTTCC[A/G]CTGAGAAACGCTCGTGGAAGGTCgggctggccagccttgctgtaaagggccaggtggtgc,662,3,+,10,129652787,G,A,G,rs1000797,PASS
